{
  "summary" : "Változók és operátorok a Javaban\n- változók\n- adattípusok\n- operátorok",
  "title" : "JavaBasic_Variables",
  "authors" : [
    "Progmatic"
  ],
  "programming_language" : "JAVA",
  "language" : "hu",
  "course_type" : "PyCharm",
  "items" : [
    {
      "title" : "variables",
      "task_list" : [
        {
          "choiceOptions" : [
            {
              "text" : "adattípus név :érték",
              "status" : "INCORRECT"
            },
            {
              "text" : "adattípus név = érték",
              "status" : "CORRECT"
            },
            {
              "text" : "név adattípus = érték",
              "status" : "INCORRECT"
            },
            {
              "text" : "név = érték :adattípus",
              "status" : "INCORRECT"
            }
          ],
          "isMultipleChoice" : false,
          "name" : "createVar1",
          "files" : {
            "src/Main.java" : {
              "name" : "src/Main.java",
              "placeholders" : [ ],
              "is_visible" : true,
              "text" : "public class Main {\n   public static void main(String[] args) {\n      // Write your solution here\n   }\n}"
            }
          },
          "description_text" : "<html lang=\"hu\">\n\n<h2>Változó létrehozása</h2>\n\n<p>\n    Változó létrehozásánál melyik sor helyes az alábbiak közül?\n</p>\n\n</html>",
          "description_format" : "HTML",
          "feedback_link" : {
            "link_type" : "STEPIK"
          },
          "task_type" : "choice"
        },
        {
          "name" : "createVar2",
          "files" : {
            "src/Task.java" : {
              "name" : "src/Task.java",
              "placeholders" : [
                {
                  "offset" : 69,
                  "length" : 10,
                  "possible_answer" : "number",
                  "placeholder_text" : "/* TODO */"
                }
              ],
              "is_visible" : true,
              "text" : "public class Task {\n\n    public static int getNumber() {\n        int /* TODO */ = 42;\n\n        return number;\n    }\n\n}"
            },
            "test/Tests.java" : {
              "name" : "test/Tests.java",
              "placeholders" : [ ],
              "is_visible" : false,
              "text" : "import org.junit.jupiter.api.Test;\n\nimport static org.junit.jupiter.api.Assertions.*;\n\npublic class Tests {\n  @Test\n  public void testSolution() {\n    int number = Task.getNumber();\n    assertEquals(42, number);\n  }\n}"
            }
          },
          "description_text" : "<html lang=\"hu\">\n\n<h2>Változó létrehozása</h2>\n\n<p>\n    Nevezd el a kódban látható változót! A neve legyen:\n    <br>\n    <strong>number</strong>\n</p>\n\n</html>",
          "description_format" : "HTML",
          "feedback_link" : {
            "link_type" : "STEPIK"
          },
          "task_type" : "edu"
        },
        {
          "name" : "createVar3",
          "files" : {
            "src/Task.java" : {
              "name" : "src/Task.java",
              "placeholders" : [
                {
                  "offset" : 75,
                  "length" : 10,
                  "possible_answer" : " = 42",
                  "placeholder_text" : "/* TODO */"
                }
              ],
              "is_visible" : true,
              "text" : "public class Task {\n\n    public static int getNumber() {\n        int number/* TODO */;\n\n        return number;\n    }\n\n}"
            },
            "test/Tests.java" : {
              "name" : "test/Tests.java",
              "placeholders" : [ ],
              "is_visible" : false,
              "text" : "import org.junit.jupiter.api.Test;\n\nimport static org.junit.jupiter.api.Assertions.*;\n\npublic class Tests {\n  @Test\n  public void testSolution() {\n    int number = Task.getNumber();\n    assertEquals(42, number);\n  }\n}"
            }
          },
          "description_text" : "<html lang=\"hu\">\n\n<h2>Változó létrehozása</h2>\n\n<p>\n    Adj értéket a <code>number</code> nevű változónak! Az értéke legyen:\n    <br>\n    <strong>42</strong>\n</p>\n\n</html>",
          "description_format" : "HTML",
          "feedback_link" : {
            "link_type" : "STEPIK"
          },
          "task_type" : "edu"
        },
        {
          "choiceOptions" : [
            {
              "text" : "egyiket sem",
              "status" : "INCORRECT"
            },
            {
              "text" : "4",
              "status" : "CORRECT"
            },
            {
              "text" : "5",
              "status" : "INCORRECT"
            },
            {
              "text" : "az összeset csak deklaráljuk",
              "status" : "INCORRECT"
            }
          ],
          "isMultipleChoice" : false,
          "name" : "declaration",
          "files" : {
            "src/Main.java" : {
              "name" : "src/Main.java",
              "placeholders" : [ ],
              "is_visible" : true,
              "text" : "public class Main {\n\n   public static void main(String[] args) {\n      byte b = -3;\n      short s;\n      int i;\n      long l = 999999;\n\n      float f = 3.14f;\n      double d;\n\n      boolean isTrue;\n      char letter = 'X';\n\n      String text = \"\";\n   }\n\n}"
            }
          },
          "description_text" : "<html lang=\"hu\">\n\n<h2>Változó deklarálása</h2>\n\n<p>\n    A programkódban változókat hozunk létre.\n    <br>\n    Ezek közül hányat deklarálunk csak?\n</p>\n\n<div class=\"hint\">\n  A változó deklarálása az, amikor a változót létrehozzuk a típus és név megadásával,\n    de értékadás nélkül.\n</div>\n\n</html>",
          "description_format" : "HTML",
          "feedback_link" : {
            "link_type" : "STEPIK"
          },
          "task_type" : "choice"
        },
        {
          "choiceOptions" : [
            {
              "text" : "egyiket sem",
              "status" : "INCORRECT"
            },
            {
              "text" : "4",
              "status" : "INCORRECT"
            },
            {
              "text" : "5",
              "status" : "CORRECT"
            },
            {
              "text" : "az összeset inicializáljuk",
              "status" : "INCORRECT"
            }
          ],
          "isMultipleChoice" : false,
          "name" : "inicialization",
          "files" : {
            "src/Main.java" : {
              "name" : "src/Main.java",
              "placeholders" : [ ],
              "is_visible" : true,
              "text" : "public class Main {\n\n   public static void main(String[] args) {\n      byte b = -3;\n      short s;\n      int i;\n      long l = 999999;\n\n      float f = 3.14f;\n      double d;\n\n      boolean isTrue;\n      char letter = 'X';\n\n      String text = \"\";\n   }\n\n}"
            }
          },
          "description_text" : "<html lang=\"hu\">\n\n<h2>Változó inicializálása</h2>\n\n<p>\n    A programkódban változókat hozunk létre.\n    <br>\n    Ezek közül hányat inicializálunk is?\n</p>\n\n<div class=\"hint\">\n    A változó inicializálása az, amikor a változónak értéket adunk.\n</div>\n\n</html>",
          "description_format" : "HTML",
          "feedback_link" : {
            "link_type" : "STEPIK"
          },
          "task_type" : "choice"
        }
      ],
      "type" : "lesson"
    },
    {
      "title" : "dataTypes",
      "task_list" : [
        {
          "choiceOptions" : [
            {
              "text" : "int",
              "status" : "CORRECT"
            },
            {
              "text" : "String",
              "status" : "INCORRECT"
            },
            {
              "text" : "boolean",
              "status" : "CORRECT"
            },
            {
              "text" : "char",
              "status" : "CORRECT"
            },
            {
              "text" : "double",
              "status" : "CORRECT"
            },
            {
              "text" : "byte",
              "status" : "CORRECT"
            }
          ],
          "isMultipleChoice" : true,
          "name" : "primitive",
          "files" : {
            "src/Main.java" : {
              "name" : "src/Main.java",
              "placeholders" : [ ],
              "is_visible" : true,
              "text" : "public class Main {\n   public static void main(String[] args) {\n      // Write your solution here\n   }\n}"
            }
          },
          "description_text" : "<html lang=\"hu\">\n\n<h2>Primitív adattípus</h2>\n\n<p>\n    Az alábbiak közül melyik primitív adattípus? Jelöld be az összeset!\n</p>\n\n</html>",
          "description_format" : "HTML",
          "feedback_link" : {
            "link_type" : "STEPIK"
          },
          "task_type" : "choice"
        },
        {
          "choiceOptions" : [
            {
              "text" : "int",
              "status" : "INCORRECT"
            },
            {
              "text" : "String",
              "status" : "CORRECT"
            },
            {
              "text" : "boolean",
              "status" : "INCORRECT"
            },
            {
              "text" : "Character",
              "status" : "CORRECT"
            },
            {
              "text" : "double",
              "status" : "INCORRECT"
            },
            {
              "text" : "byte",
              "status" : "INCORRECT"
            }
          ],
          "isMultipleChoice" : true,
          "name" : "notPrimitive",
          "files" : {
            "src/Main.java" : {
              "name" : "src/Main.java",
              "placeholders" : [ ],
              "is_visible" : true,
              "text" : "public class Main {\n   public static void main(String[] args) {\n      // Write your solution here\n   }\n}"
            }
          },
          "description_text" : "<html lang=\"hu\">\n\n<h2>Nem primitív adattípus</h2>\n\n<p>\n    Az alábbiak közül melyik nem primitív adattípus? Jelöld be az összeset!\n</p>\n\n</html>",
          "description_format" : "HTML",
          "feedback_link" : {
            "link_type" : "STEPIK"
          },
          "task_type" : "choice"
        },
        {
          "choiceOptions" : [
            {
              "text" : "boolean",
              "status" : "INCORRECT"
            },
            {
              "text" : "byte",
              "status" : "CORRECT"
            },
            {
              "text" : "char",
              "status" : "INCORRECT"
            },
            {
              "text" : "float",
              "status" : "INCORRECT"
            },
            {
              "text" : "double",
              "status" : "INCORRECT"
            },
            {
              "text" : "int",
              "status" : "CORRECT"
            },
            {
              "text" : "long",
              "status" : "CORRECT"
            },
            {
              "text" : "short",
              "status" : "CORRECT"
            }
          ],
          "isMultipleChoice" : true,
          "name" : "wholeNumber",
          "files" : {
            "src/Main.java" : {
              "name" : "src/Main.java",
              "placeholders" : [ ],
              "is_visible" : true,
              "text" : "public class Main {\n   public static void main(String[] args) {\n      // Write your solution here\n   }\n}"
            }
          },
          "description_text" : "<html lang=\"hu\">\n\n<h2>Egész szám adattípus</h2>\n\n<p>\n    Az alábbiak közül melyik egész szám adattípus? Jelöld be az összeset!\n</p>\n\n</html>",
          "description_format" : "HTML",
          "feedback_link" : {
            "link_type" : "STEPIK"
          },
          "task_type" : "choice"
        },
        {
          "choiceOptions" : [
            {
              "text" : "float f = '3.14';",
              "status" : "INCORRECT"
            },
            {
              "text" : "float f = 3.14;",
              "status" : "INCORRECT"
            },
            {
              "text" : "double d = '3.14';",
              "status" : "INCORRECT"
            },
            {
              "text" : "double d = 3.14;",
              "status" : "CORRECT"
            }
          ],
          "isMultipleChoice" : false,
          "name" : "floatingPoint",
          "files" : {
            "src/Main.java" : {
              "name" : "src/Main.java",
              "placeholders" : [ ],
              "is_visible" : true,
              "text" : "public class Main {\n   public static void main(String[] args) {\n      // Write your solution here\n   }\n}"
            }
          },
          "description_text" : "<html lang=\"hu\">\n\n<h2>Tört szám adattípus</h2>\n\n<p>\n    Az alábbiakban tört számok tárolására hozunk létre változókat.\n    <br>\n    Melyik helyes szintaktikailag?\n</p>\n\n</html>",
          "description_format" : "HTML",
          "feedback_link" : {
            "link_type" : "STEPIK"
          },
          "task_type" : "choice"
        },
        {
          "choiceOptions" : [
            {
              "text" : "false",
              "status" : "CORRECT"
            },
            {
              "text" : "0",
              "status" : "INCORRECT"
            },
            {
              "text" : "true",
              "status" : "CORRECT"
            },
            {
              "text" : "1",
              "status" : "INCORRECT"
            }
          ],
          "isMultipleChoice" : true,
          "name" : "boolean",
          "files" : {
            "src/Main.java" : {
              "name" : "src/Main.java",
              "placeholders" : [ ],
              "is_visible" : true,
              "text" : "public class Main {\n   public static void main(String[] args) {\n      // Write your solution here\n   }\n}"
            }
          },
          "description_text" : "<html lang=\"hu\">\n\n<h2>boolean adattípus</h2>\n\n<p>\n    Az alábbiak közül melyik lehet egy boolean típusú változó értéke?\n</p>\n\n</html>",
          "description_format" : "HTML",
          "feedback_link" : {
            "link_type" : "STEPIK"
          },
          "task_type" : "choice"
        },
        {
          "choiceOptions" : [
            {
              "text" : "String s = Hello, world!;",
              "status" : "INCORRECT"
            },
            {
              "text" : "String s = 'Hello, world!';",
              "status" : "INCORRECT"
            },
            {
              "text" : "String s = \"Hello, world!\";",
              "status" : "CORRECT"
            },
            {
              "text" : "String s;",
              "status" : "CORRECT"
            },
            {
              "text" : "String s = \"\";",
              "status" : "CORRECT"
            },
            {
              "text" : "String s = \"This is a \"hello world\" program.\";",
              "status" : "INCORRECT"
            },
            {
              "text" : "String s = \"This is a 'hello world' program.\";",
              "status" : "CORRECT"
            },
            {
              "text" : "String s = \"This is a \\\"hello world\\\" program.\";",
              "status" : "CORRECT"
            }
          ],
          "isMultipleChoice" : true,
          "name" : "string",
          "files" : {
            "src/Main.java" : {
              "name" : "src/Main.java",
              "placeholders" : [ ],
              "is_visible" : true,
              "text" : "public class Main {\n   public static void main(String[] args) {\n      // Write your solution here\n   }\n}"
            }
          },
          "description_text" : "<html lang=\"hu\">\n\n<h2>String adattípus</h2>\n\n<p>\n    Az alábbiakban String adattípusú változókat hozunk létre.\n    <br>\n    Melyik helyes szintaktikailag?\n</p>\n\n</html>",
          "description_format" : "HTML",
          "feedback_link" : {
            "link_type" : "STEPIK"
          },
          "task_type" : "choice"
        },
        {
          "choiceOptions" : [
            {
              "text" : "NaN (not a number)",
              "status" : "INCORRECT"
            },
            {
              "text" : "127",
              "status" : "INCORRECT"
            },
            {
              "text" : "128",
              "status" : "INCORRECT"
            },
            {
              "text" : "-128",
              "status" : "CORRECT"
            }
          ],
          "isMultipleChoice" : false,
          "name" : "overflow",
          "files" : {
            "src/Main.java" : {
              "name" : "src/Main.java",
              "placeholders" : [ ],
              "is_visible" : true,
              "text" : "public class Main {\n\n   public static void main(String[] args) {\n      byte b1 = 127;\n      b1++;\n      byte b2 = b1;\n   }\n\n}"
            }
          },
          "description_text" : "<html lang=\"hu\">\n\n<h2>Túlcsordulás</h2>\n\n<p>\n    Tekintsd meg a programkódot!\n    <br>\n    Mennyi a <code>b2</code> nevű változó értéke?\n</p>\n\n</html>",
          "description_format" : "HTML",
          "feedback_link" : {
            "link_type" : "STEPIK"
          },
          "task_type" : "choice"
        }
      ],
      "type" : "lesson"
    },
    {
      "title" : "operators",
      "task_list" : [
        {
          "name" : "addition",
          "files" : {
            "src/Task.java" : {
              "name" : "src/Task.java",
              "placeholders" : [
                {
                  "offset" : 76,
                  "length" : 10,
                  "possible_answer" : "+",
                  "placeholder_text" : "/* TODO */"
                }
              ],
              "is_visible" : true,
              "text" : "public class Task {\n\n    public static int addNumbers() {\n        return 10 /* TODO */ 3;\n    }\n\n}"
            },
            "test/Tests.java" : {
              "name" : "test/Tests.java",
              "placeholders" : [ ],
              "is_visible" : false,
              "text" : "import org.junit.jupiter.api.Test;\n\nimport static org.junit.jupiter.api.Assertions.*;\n\npublic class Tests {\n\n  @Test\n  public void testSolution() {\n    int result = Task.addNumbers();\n    assertEquals(13, result);\n  }\n\n}"
            }
          },
          "description_text" : "<html lang=\"hu\">\n\n<h2>Összeadás</h2>\n\n<p>\n    A programkódban két egész számot adunk össze.\n    <br>\n    Ennek megfelelően egészítsd ki a kódot!\n</p>\n\n</html>",
          "description_format" : "HTML",
          "feedback_link" : {
            "link_type" : "STEPIK"
          },
          "task_type" : "edu"
        },
        {
          "name" : "subtraction",
          "files" : {
            "src/Task.java" : {
              "name" : "src/Task.java",
              "placeholders" : [
                {
                  "offset" : 81,
                  "length" : 10,
                  "possible_answer" : "-",
                  "placeholder_text" : "/* TODO */"
                }
              ],
              "is_visible" : true,
              "text" : "public class Task {\n\n    public static int subtractNumbers() {\n        return 10 /* TODO */ 3;\n    }\n\n}"
            },
            "test/Tests.java" : {
              "name" : "test/Tests.java",
              "placeholders" : [ ],
              "is_visible" : false,
              "text" : "import org.junit.jupiter.api.Test;\n\nimport static org.junit.jupiter.api.Assertions.*;\n\npublic class Tests {\n\n  @Test\n  public void testSolution() {\n    int result = Task.subtractNumbers();\n    assertEquals(7, result);\n  }\n\n}"
            }
          },
          "description_text" : "<html lang=\"hu\">\n\n<h2>Kivonás</h2>\n\n<p>\n    A programkódban két egész számot kivonunk egymásból.\n    <br>\n    Ennek megfelelően egészítsd ki a kódot!\n</p>\n\n</html>",
          "description_format" : "HTML",
          "feedback_link" : {
            "link_type" : "STEPIK"
          },
          "task_type" : "edu"
        },
        {
          "name" : "multiplication",
          "files" : {
            "src/Task.java" : {
              "name" : "src/Task.java",
              "placeholders" : [
                {
                  "offset" : 81,
                  "length" : 10,
                  "possible_answer" : "*",
                  "placeholder_text" : "/* TODO */"
                }
              ],
              "is_visible" : true,
              "text" : "public class Task {\n\n    public static int multiplyNumbers() {\n        return 10 /* TODO */ 3;\n    }\n\n}"
            },
            "test/Tests.java" : {
              "name" : "test/Tests.java",
              "placeholders" : [ ],
              "is_visible" : false,
              "text" : "import org.junit.jupiter.api.Test;\n\nimport static org.junit.jupiter.api.Assertions.*;\n\npublic class Tests {\n\n  @Test\n  public void testSolution() {\n    int result = Task.multiplyNumbers();\n    assertEquals(30, result);\n  }\n\n}"
            }
          },
          "description_text" : "<html lang=\"hu\">\n\n<h2>Szorzás</h2>\n\n<p>\n    A programkódban két egész számot szorzunk össze.\n    <br>\n    Ennek megfelelően egészítsd ki a kódot!\n</p>\n\n</html>",
          "description_format" : "HTML",
          "feedback_link" : {
            "link_type" : "STEPIK"
          },
          "task_type" : "edu"
        },
        {
          "name" : "division",
          "files" : {
            "src/Task.java" : {
              "name" : "src/Task.java",
              "placeholders" : [
                {
                  "offset" : 79,
                  "length" : 10,
                  "possible_answer" : "/",
                  "placeholder_text" : "/* TODO */"
                }
              ],
              "is_visible" : true,
              "text" : "public class Task {\n\n    public static int divideNumbers() {\n        return 10 /* TODO */ 3;\n    }\n\n}"
            },
            "test/Tests.java" : {
              "name" : "test/Tests.java",
              "placeholders" : [ ],
              "is_visible" : false,
              "text" : "import org.junit.jupiter.api.Test;\n\nimport static org.junit.jupiter.api.Assertions.*;\n\npublic class Tests {\n\n  @Test\n  public void testSolution() {\n    int result = Task.divideNumbers();\n    assertEquals(3, result);\n  }\n\n}"
            }
          },
          "description_text" : "<html lang=\"hu\">\n\n<h2>Osztás</h2>\n\n<p>\n    A programkódban két egész számot osztunk el egymással.\n    <br>\n    Ennek megfelelően egészítsd ki a kódot!\n</p>\n\n</html>",
          "description_format" : "HTML",
          "feedback_link" : {
            "link_type" : "STEPIK"
          },
          "task_type" : "edu"
        },
        {
          "name" : "modulo",
          "files" : {
            "src/Task.java" : {
              "name" : "src/Task.java",
              "placeholders" : [
                {
                  "offset" : 79,
                  "length" : 10,
                  "possible_answer" : "%",
                  "placeholder_text" : "/* TODO */"
                }
              ],
              "is_visible" : true,
              "text" : "public class Task {\n\n    public static int countReminder() {\n        return 10 /* TODO */ 3;\n    }\n\n}"
            },
            "test/Tests.java" : {
              "name" : "test/Tests.java",
              "placeholders" : [ ],
              "is_visible" : false,
              "text" : "import org.junit.jupiter.api.Test;\n\nimport static org.junit.jupiter.api.Assertions.*;\n\npublic class Tests {\n\n  @Test\n  public void testSolution() {\n    int result = Task.countReminder();\n    assertEquals(1, result);\n  }\n\n}"
            }
          },
          "description_text" : "<html lang=\"hu\">\n\n<h2>Maradékos osztás</h2>\n\n<p>\n    A programkódban két egész szám osztás utáni maradékát számítjuk ki.\n    <br>\n    Ennek megfelelően egészítsd ki a kódot!\n</p>\n\n</html>",
          "description_format" : "HTML",
          "feedback_link" : {
            "link_type" : "STEPIK"
          },
          "task_type" : "edu"
        },
        {
          "name" : "increase",
          "files" : {
            "src/Task.java" : {
              "name" : "src/Task.java",
              "placeholders" : [
                {
                  "offset" : 100,
                  "length" : 10,
                  "possible_answer" : "++",
                  "placeholder_text" : "/* TODO */"
                }
              ],
              "is_visible" : true,
              "text" : "public class Task {\n\n    public static int increaseNumber() {\n        int number = 5;\n        number/* TODO */;\n        return number;\n    }\n\n}"
            },
            "test/Tests.java" : {
              "name" : "test/Tests.java",
              "placeholders" : [ ],
              "is_visible" : false,
              "text" : "import org.junit.jupiter.api.Test;\n\nimport static org.junit.jupiter.api.Assertions.*;\n\npublic class Tests {\n\n  @Test\n  public void testSolution() {\n    int result = Task.increaseNumber();\n    assertEquals(6, result);\n  }\n\n}"
            }
          },
          "description_text" : "<html lang=\"hu\">\n\n<h2>Növelés eggyel</h2>\n\n<p>\n    A programkódban a <code>number</code> nevű változó értékét növeljük eggyel.\n    <br>\n    Ennek megfelelően egészítsd ki a kódot! Használd a megfelelő operátort!\n</p>\n\n</html>",
          "description_format" : "HTML",
          "feedback_link" : {
            "link_type" : "STEPIK"
          },
          "task_type" : "edu"
        },
        {
          "name" : "decrease",
          "files" : {
            "src/Task.java" : {
              "name" : "src/Task.java",
              "placeholders" : [
                {
                  "offset" : 100,
                  "length" : 10,
                  "possible_answer" : "--",
                  "placeholder_text" : "/* TODO */"
                }
              ],
              "is_visible" : true,
              "text" : "public class Task {\n\n    public static int decreaseNumber() {\n        int number = 5;\n        number/* TODO */;\n        return number;\n    }\n\n}"
            },
            "test/Tests.java" : {
              "name" : "test/Tests.java",
              "placeholders" : [ ],
              "is_visible" : false,
              "text" : "import org.junit.jupiter.api.Test;\n\nimport static org.junit.jupiter.api.Assertions.*;\n\npublic class Tests {\n\n  @Test\n  public void testSolution() {\n    int result = Task.decreaseNumber();\n    assertEquals(4, result);\n  }\n\n}"
            }
          },
          "description_text" : "<html lang=\"hu\">\n\n<h2>Csökkentés eggyel</h2>\n\n<p>\n    A programkódban a <code>number</code> nevű változó értékét csökkentjük eggyel.\n    <br>\n    Ennek megfelelően egészítsd ki a kódot! Használd a megfelelő operátort!\n</p>\n\n</html>",
          "description_format" : "HTML",
          "feedback_link" : {
            "link_type" : "STEPIK"
          },
          "task_type" : "edu"
        },
        {
          "choiceOptions" : [
            {
              "text" : "7",
              "status" : "INCORRECT"
            },
            {
              "text" : "12",
              "status" : "INCORRECT"
            },
            {
              "text" : "30",
              "status" : "CORRECT"
            },
            {
              "text" : "50",
              "status" : "INCORRECT"
            }
          ],
          "isMultipleChoice" : false,
          "name" : "result1",
          "files" : {
            "src/Main.java" : {
              "name" : "src/Main.java",
              "placeholders" : [ ],
              "is_visible" : true,
              "text" : "public class Main {\n\n   public static void main(String[] args) {\n      int basic = 5;\n\n      int result1 = basic + basic * basic;\n      int result2 = (basic + basic) * basic;\n      int result3 = basic++ + ++basic;\n   }\n\n}"
            }
          },
          "description_text" : "<html lang=\"hu\">\n\n<h2>Eredmény</h2>\n\n<p>\n    Tekintsd meg a programkódot!\n    <br>\n    Mennyi a <code>result1</code> nevű változó értéke?\n</p>\n\n</html>",
          "description_format" : "HTML",
          "feedback_link" : {
            "link_type" : "STEPIK"
          },
          "task_type" : "choice"
        },
        {
          "choiceOptions" : [
            {
              "text" : "7",
              "status" : "INCORRECT"
            },
            {
              "text" : "12",
              "status" : "INCORRECT"
            },
            {
              "text" : "30",
              "status" : "INCORRECT"
            },
            {
              "text" : "50",
              "status" : "CORRECT"
            }
          ],
          "isMultipleChoice" : false,
          "name" : "result2",
          "files" : {
            "src/Main.java" : {
              "name" : "src/Main.java",
              "placeholders" : [ ],
              "is_visible" : true,
              "text" : "public class Main {\n\n   public static void main(String[] args) {\n      int basic = 5;\n\n      int result1 = basic + basic * basic;\n      int result2 = (basic + basic) * basic;\n      int result3 = basic++ + ++basic;\n   }\n\n}"
            }
          },
          "description_text" : "<html lang=\"hu\">\n\n<h2>Eredmény</h2>\n\n<p>\n    Tekintsd meg a programkódot!\n    <br>\n    Mennyi a <code>result2</code> nevű változó értéke?\n</p>\n\n</html>",
          "description_format" : "HTML",
          "feedback_link" : {
            "link_type" : "STEPIK"
          },
          "task_type" : "choice"
        },
        {
          "choiceOptions" : [
            {
              "text" : "7",
              "status" : "INCORRECT"
            },
            {
              "text" : "12",
              "status" : "CORRECT"
            },
            {
              "text" : "30",
              "status" : "INCORRECT"
            },
            {
              "text" : "50",
              "status" : "INCORRECT"
            }
          ],
          "isMultipleChoice" : false,
          "name" : "result3",
          "files" : {
            "src/Main.java" : {
              "name" : "src/Main.java",
              "placeholders" : [ ],
              "is_visible" : true,
              "text" : "public class Main {\n\n   public static void main(String[] args) {\n      int basic = 5;\n\n      int result1 = basic + basic * basic;\n      int result2 = (basic + basic) * basic;\n      int result3 = basic++ + ++basic;\n   }\n\n}"
            }
          },
          "description_text" : "<html lang=\"hu\">\n\n<h2>Eredmény</h2>\n\n<p>\n    Tekintsd meg a programkódot!\n    <br>\n    Mennyi a <code>result3</code> nevű változó értéke?\n</p>\n\n</html>",
          "description_format" : "HTML",
          "feedback_link" : {
            "link_type" : "STEPIK"
          },
          "task_type" : "choice"
        },
        {
          "choiceOptions" : [
            {
              "text" : "7",
              "status" : "CORRECT"
            },
            {
              "text" : "12",
              "status" : "INCORRECT"
            },
            {
              "text" : "30",
              "status" : "INCORRECT"
            },
            {
              "text" : "50",
              "status" : "INCORRECT"
            }
          ],
          "isMultipleChoice" : false,
          "name" : "result4",
          "files" : {
            "src/Main.java" : {
              "name" : "src/Main.java",
              "placeholders" : [ ],
              "is_visible" : true,
              "text" : "public class Main {\n\n   public static void main(String[] args) {\n      int basic = 5;\n\n      int result1 = basic + basic * basic;\n      int result2 = (basic + basic) * basic;\n      int result3 = basic++ + ++basic;\n   }\n\n}"
            }
          },
          "description_text" : "<html lang=\"hu\">\n\n<h2>Eredmény</h2>\n\n<p>\n    Tekintsd meg a programkódot!\n    <br>\n    Mennyi a <code>basic</code> nevű változó értéke\n    a <code>result3</code> kiértékelése (vagyis a 8. sor) után?\n</p>\n\n</html>",
          "description_format" : "HTML",
          "feedback_link" : {
            "link_type" : "STEPIK"
          },
          "task_type" : "choice"
        },
        {
          "name" : "assign1",
          "files" : {
            "src/Task.java" : {
              "name" : "src/Task.java",
              "placeholders" : [
                {
                  "offset" : 97,
                  "length" : 10,
                  "possible_answer" : "+=",
                  "placeholder_text" : "/* TODO */"
                }
              ],
              "is_visible" : true,
              "text" : "public class Task {\n\n    public static int getNumber() {\n        int number = 10;\n        number /* TODO */ 5;\n\n        return number;\n    }\n\n}"
            },
            "test/Tests.java" : {
              "name" : "test/Tests.java",
              "placeholders" : [ ],
              "is_visible" : false,
              "text" : "import org.junit.jupiter.api.Test;\n\nimport static org.junit.jupiter.api.Assertions.*;\n\npublic class Tests {\n\n  @Test\n  public void testSolution() {\n    int result = Task.getNumber();\n    assertEquals(15, result);\n  }\n\n}"
            }
          },
          "description_text" : "<html lang=\"hu\">\n\n<h2>Növelés</h2>\n\n<p>\n    Egészítsd ki a programkódot úgy, hogy a <code>number</code> nevű változó\n    értéke növekedjen 5-tel!\n    <br>\n    Használd a megfelelő operátort!\n</p>\n\n<div class=\"hint\">\n    Jelen esetben az értékadó egyenlőségjel elé bármilyen aritmetikai operátor írható.\n</div>\n\n</html>",
          "description_format" : "HTML",
          "feedback_link" : {
            "link_type" : "STEPIK"
          },
          "task_type" : "edu"
        },
        {
          "name" : "assign2",
          "files" : {
            "src/Task.java" : {
              "name" : "src/Task.java",
              "placeholders" : [
                {
                  "offset" : 97,
                  "length" : 10,
                  "possible_answer" : "%=",
                  "placeholder_text" : "/* TODO */"
                }
              ],
              "is_visible" : true,
              "text" : "public class Task {\n\n    public static int getNumber() {\n        int number = 10;\n        number /* TODO */ 5;\n\n        return number;\n    }\n\n}"
            },
            "test/Tests.java" : {
              "name" : "test/Tests.java",
              "placeholders" : [ ],
              "is_visible" : false,
              "text" : "import org.junit.jupiter.api.Test;\n\nimport static org.junit.jupiter.api.Assertions.*;\n\npublic class Tests {\n\n  @Test\n  public void testSolution() {\n    int result = Task.getNumber();\n    assertEquals(2, result);\n  }\n\n}"
            }
          },
          "description_text" : "<html lang=\"hu\">\n\n<h2>Modulo</h2>\n\n<p>\n    Egészítsd ki a programkódot úgy, hogy a <code>number</code> nevű változó\n    értéke az 5-tel való osztás maradéka legyen!\n    <br>\n    Használd a megfelelő operátort!\n</p>\n\n<div class=\"hint\">\n    Jelen esetben az értékadó egyenlőségjel elé bármilyen aritmetikai operátor írható.\n</div>\n\n</html>",
          "description_format" : "HTML",
          "feedback_link" : {
            "link_type" : "STEPIK"
          },
          "task_type" : "edu"
        },
        {
          "choiceOptions" : [
            {
              "text" : "bármilyen egész szám típusú",
              "status" : "INCORRECT"
            },
            {
              "text" : "bármilyen tört szám típusú",
              "status" : "INCORRECT"
            },
            {
              "text" : "boolean",
              "status" : "CORRECT"
            },
            {
              "text" : "String",
              "status" : "INCORRECT"
            }
          ],
          "isMultipleChoice" : false,
          "name" : "type",
          "files" : {
            "src/Main.java" : {
              "name" : "src/Main.java",
              "placeholders" : [ ],
              "is_visible" : true,
              "text" : "public class Main {\n   public static void main(String[] args) {\n      // Write your solution here\n   }\n}"
            }
          },
          "description_text" : "<html lang=\"hu\">\n\n<h2>Kifejezés változóként</h2>\n\n<p>\n    Milyen adattípusú lehet az alábbi változó?\n    <br><br>\n    <code>variable = 5 > 4</code>\n</p>\n\n</html>",
          "description_format" : "HTML",
          "feedback_link" : {
            "link_type" : "STEPIK"
          },
          "task_type" : "choice"
        },
        {
          "choiceOptions" : [
            {
              "text" : "a > b",
              "status" : "INCORRECT"
            },
            {
              "text" : "c >= b",
              "status" : "CORRECT"
            },
            {
              "text" : "b == 84",
              "status" : "INCORRECT"
            },
            {
              "text" : "(a + b) != c",
              "status" : "CORRECT"
            },
            {
              "text" : "a * 10 == b + 8",
              "status" : "CORRECT"
            },
            {
              "text" : "b + b * 10 > c",
              "status" : "INCORRECT"
            }
          ],
          "isMultipleChoice" : true,
          "name" : "compare",
          "files" : {
            "src/Main.java" : {
              "name" : "src/Main.java",
              "placeholders" : [ ],
              "is_visible" : true,
              "text" : "public class Main {\n\n   public static void main(String[] args) {\n      int a = 5;\n      int b = 42;\n      int c = 666;\n   }\n\n}"
            }
          },
          "description_text" : "<html lang=\"hu\">\n\n<h2>Igaz vagy hamis?</h2>\n\n<p>\n    Tekintsd meg a programkódot!\n    <br><br>\n    A lenti kifejezésekben a programkódban látható változókat használjuk.\n    <br>\n    Melyik kiértékelése igaz közülük? Jelöld be az összeset!\n</p>\n\n</html>",
          "description_format" : "HTML",
          "feedback_link" : {
            "link_type" : "STEPIK"
          },
          "task_type" : "choice"
        }
      ],
      "type" : "lesson"
    },
    {
      "title" : "logicalOperators",
      "task_list" : [
        {
          "choiceOptions" : [
            {
              "text" : "&",
              "status" : "INCORRECT"
            },
            {
              "text" : "&&",
              "status" : "CORRECT"
            },
            {
              "text" : "|",
              "status" : "INCORRECT"
            },
            {
              "text" : "||",
              "status" : "INCORRECT"
            },
            {
              "text" : "!",
              "status" : "INCORRECT"
            },
            {
              "text" : "!!",
              "status" : "INCORRECT"
            }
          ],
          "isMultipleChoice" : false,
          "name" : "and",
          "files" : {
            "src/Main.java" : {
              "name" : "src/Main.java",
              "placeholders" : [ ],
              "is_visible" : true,
              "text" : "public class Main {\n   public static void main(String[] args) {\n      // Write your solution here\n   }\n}"
            }
          },
          "description_text" : "<html lang=\"hu\">\n\n<h2>Logikai ÉS</h2>\n\n<p>\n    Az alábbiak közül melyik a logikai ÉS (AND) operátor jele?\n</p>\n\n</html>",
          "description_format" : "HTML",
          "feedback_link" : {
            "link_type" : "STEPIK"
          },
          "task_type" : "choice"
        },
        {
          "choiceOptions" : [
            {
              "text" : "&",
              "status" : "INCORRECT"
            },
            {
              "text" : "&&",
              "status" : "INCORRECT"
            },
            {
              "text" : "|",
              "status" : "INCORRECT"
            },
            {
              "text" : "||",
              "status" : "CORRECT"
            },
            {
              "text" : "!",
              "status" : "INCORRECT"
            },
            {
              "text" : "!!",
              "status" : "INCORRECT"
            }
          ],
          "isMultipleChoice" : false,
          "name" : "or",
          "files" : {
            "src/Main.java" : {
              "name" : "src/Main.java",
              "placeholders" : [ ],
              "is_visible" : true,
              "text" : "public class Main {\n   public static void main(String[] args) {\n      // Write your solution here\n   }\n}"
            }
          },
          "description_text" : "<html lang=\"hu\">\n\n<h2>Logikai VAGY</h2>\n\n<p>\n    Az alábbiak közül melyik a logikai VAGY (OR) operátor jele?\n</p>\n\n</html>",
          "description_format" : "HTML",
          "feedback_link" : {
            "link_type" : "STEPIK"
          },
          "task_type" : "choice"
        },
        {
          "choiceOptions" : [
            {
              "text" : "&",
              "status" : "INCORRECT"
            },
            {
              "text" : "&&",
              "status" : "INCORRECT"
            },
            {
              "text" : "|",
              "status" : "INCORRECT"
            },
            {
              "text" : "||",
              "status" : "INCORRECT"
            },
            {
              "text" : "!",
              "status" : "CORRECT"
            },
            {
              "text" : "!!",
              "status" : "INCORRECT"
            }
          ],
          "isMultipleChoice" : false,
          "name" : "not",
          "files" : {
            "src/Main.java" : {
              "name" : "src/Main.java",
              "placeholders" : [ ],
              "is_visible" : true,
              "text" : "public class Main {\n   public static void main(String[] args) {\n      // Write your solution here\n   }\n}"
            }
          },
          "description_text" : "<html lang=\"hu\">\n\n<h2>Logikai NEM</h2>\n\n<p>\n    Az alábbiak közül melyik a logikai NEM (NOT) operátor jele?\n</p>\n\n</html>",
          "description_format" : "HTML",
          "feedback_link" : {
            "link_type" : "STEPIK"
          },
          "task_type" : "choice"
        },
        {
          "choiceOptions" : [
            {
              "text" : "false",
              "status" : "CORRECT"
            },
            {
              "text" : "true",
              "status" : "INCORRECT"
            }
          ],
          "isMultipleChoice" : false,
          "name" : "result1",
          "files" : {
            "src/Main.java" : {
              "name" : "src/Main.java",
              "placeholders" : [ ],
              "is_visible" : true,
              "text" : "public class Main {\n\n   public static void main(String[] args) {\n      boolean condition1 = true;\n      boolean condition2 = false;\n\n      boolean result = condition1 && condition2;\n   }\n\n}"
            }
          },
          "description_text" : "<html lang=\"hu\">\n\n<h2>Eredmény</h2>\n\n<p>\n    Tekintsd meg a programkódot!\n    <br>\n    Mi a <code>result</code> nevű változó értéke?\n</p>\n\n</html>",
          "description_format" : "HTML",
          "feedback_link" : {
            "link_type" : "STEPIK"
          },
          "task_type" : "choice"
        },
        {
          "choiceOptions" : [
            {
              "text" : "false",
              "status" : "INCORRECT"
            },
            {
              "text" : "true",
              "status" : "CORRECT"
            }
          ],
          "isMultipleChoice" : false,
          "name" : "result2",
          "files" : {
            "src/Main.java" : {
              "name" : "src/Main.java",
              "placeholders" : [ ],
              "is_visible" : true,
              "text" : "public class Main {\n\n   public static void main(String[] args) {\n      boolean condition1 = true;\n      boolean condition2 = false;\n\n      boolean result = condition1 || condition2;\n   }\n\n}"
            }
          },
          "description_text" : "<html lang=\"hu\">\n\n<h2>Eredmény</h2>\n\n<p>\n    Tekintsd meg a programkódot!\n    <br>\n    Mi a <code>result</code> nevű változó értéke?\n</p>\n\n</html>",
          "description_format" : "HTML",
          "feedback_link" : {
            "link_type" : "STEPIK"
          },
          "task_type" : "choice"
        },
        {
          "choiceOptions" : [
            {
              "text" : "false",
              "status" : "INCORRECT"
            },
            {
              "text" : "true",
              "status" : "CORRECT"
            }
          ],
          "isMultipleChoice" : false,
          "name" : "result3",
          "files" : {
            "src/Main.java" : {
              "name" : "src/Main.java",
              "placeholders" : [ ],
              "is_visible" : true,
              "text" : "public class Main {\n\n   public static void main(String[] args) {\n      boolean condition1 = true;\n      boolean condition2 = false;\n\n      boolean result = condition1 && !condition2;\n   }\n\n}"
            }
          },
          "description_text" : "<html lang=\"hu\">\n\n<h2>Eredmény</h2>\n\n<p>\n    Tekintsd meg a programkódot!\n    <br>\n    Mi a <code>result</code> nevű változó értéke?\n</p>\n\n</html>",
          "description_format" : "HTML",
          "feedback_link" : {
            "link_type" : "STEPIK"
          },
          "task_type" : "choice"
        }
      ],
      "type" : "lesson"
    }
  ],
  "additional_files" : [
    {
      "name" : "build.gradle",
      "placeholders" : [ ],
      "is_visible" : true,
      "text" : "buildscript {\n    repositories {\n        mavenCentral()\n    }\n}\n\ndef printOutput(def output) {\n    return tasks.create(\"printOutput\") {\n        println \"#educational_plugin_checker_version 1\"\n        def separator = System.lineSeparator()\n        def lines = output.toString().split(\"(?<=${separator})|(?=${separator})\")\n        for (line in lines) {\n            println \"#educational_plugin\" + line\n        }\n    }\n}\n\nsubprojects {\n    apply plugin: 'application'\n    apply plugin: 'java'\n\n    sourceCompatibility = 11\n\n    repositories {\n        mavenCentral()\n    }\n\n    dependencies {\n        testImplementation('org.junit.jupiter:junit-jupiter-api:5.8.0')\n        testImplementation('org.junit.jupiter:junit-jupiter-engine:5.8.0')\n    }\n\n    tasks.named('test') {\n\n        useJUnitPlatform()\n    }\n\n    sourceSets {\n        main {\n            java.srcDir 'src'\n        }\n        test {\n            java.srcDir 'test'\n        }\n    }\n\n    mainClassName = project.hasProperty(\"mainClass\") ? project.getProperty(\"mainClass\") : \"\"\n\n    if (project.hasProperty(\"educationalRun\") && \"true\".equalsIgnoreCase(project.getProperty(\"educationalRun\"))) {\n        def runOutput = new ByteArrayOutputStream()\n        tasks.run.setStandardOutput(runOutput)\n        tasks.run.doLast { printOutput(runOutput) }\n    }\n}\n\nproject(':util') {\n    dependencies {\n        implementation('org.junit.jupiter:junit-jupiter-api:5.8.0')\n        testImplementation('org.junit.jupiter:junit-jupiter-api:5.8.0')\n    }\n}\n\nconfigure(subprojects.findAll { it.name != 'util' }) {\n    dependencies {\n        implementation project(':util').sourceSets.main.output\n        testImplementation project(':util').sourceSets.test.output\n    }\n}\n"
    }
  ],
  "version" : 11
}